"","term","estimate","std.error","statistic","p.value","conf.low","conf.high"
"1","grpcombination",-0.604613348939442,0.218303991390407,-2.76959365281678,0.00561262660071509,-1.03248130974598,-0.176745388132902
"2","age",-0.0357534662581061,0.0106870376961845,-3.34549828254754,0.000821348678616827,-0.0566996752440496,-0.0148072572721625
"3","genderMale",-0.0431213136126993,0.237110766411606,-0.181861474555922,0.855691439106225,-0.507849876126136,0.421607248900737
"4","employmentother",0.739906171004555,0.241315228485409,3.06613957042206,0.0021684206856115,0.266937014252099,1.21287532775701
"5","raceother",-0.685186128925175,0.456341639207273,-1.50147624072928,0.133232427448241,-1.5795993064174,0.209227048567052
"6","racewhite",-0.258241725132552,0.232682122844492,-1.1098477269143,0.26706464898921,-0.71429030575408,0.197806855488976
